Model,Per-Q Var,Var Ratio
Human,0.07112216391837375,1.0
Claude Sonnet 4.5,0.03995413052946319,1.780095398795538
GPT-4o,0.01979618497909284,3.592720718334737
GPT-5.1,0.019650669236909953,3.619325278997859
Llama 3.1 8B,0.02553647300165039,2.7851208705985835
Llama 3.1 8B (FT),0.020702321444357845,3.4354680517124905
Mistral 7B,0.02780270262071823,2.5581025301250535
Qwen 3 4B,0.027623352893261503,2.5747114839098133
